thread_id,step,π(t),λ(t),count(t)
0,0,0.4987797737121582,0.8406115174293518,0.0
0,1,0.4987797737121582,0.8406116366386414,0.0
0,2,0.4987797737121582,0.8406120538711548,0.0
0,3,0.49876803159713745,0.8410483598709106,0.0
1,0,0.5040028095245361,0.932195246219635,0.0
1,1,0.5040029883384705,0.9321896433830261,0.0
1,2,0.5040028691291809,0.9321944117546082,0.0
1,3,0.5040029287338257,0.9321920871734619,0.0
1,4,0.5040028095245361,0.9321956038475037,0.0
1,5,0.5040028691291809,0.9321944713592529,0.0
1,6,0.5040032863616943,0.9321928024291992,0.0
1,7,0.5040028095245361,0.9321954250335693,0.0
1,8,0.5040028691291809,0.9321956038475037,0.0
1,9,0.5040029287338257,0.9321937561035156,0.0
2,0,0.5044092535972595,0.8885402083396912,0.0
2,1,0.5044093132019043,0.8885411024093628,0.0
2,2,0.5044092535972595,0.8885406255722046,0.0
2,3,0.5044093728065491,0.8885484933853149,0.0
2,4,0.5044092535972595,0.8885404467582703,0.0
3,0,0.5063455700874329,0.7062955498695374,0.0
4,0,0.5072364807128906,1.0041053295135498,0.0
4,1,0.5072364807128906,1.0041054487228394,0.0
4,2,0.5072364807128906,1.004105567932129,0.0
4,3,0.5072365403175354,1.0041072368621826,0.0
4,4,0.5072364807128906,1.0041054487228394,0.0
4,5,0.5072365403175354,1.0041054487228394,0.0
4,6,0.5072364807128906,1.0041054487228394,0.0
4,7,0.5072365403175354,1.004105806350708,0.0
4,8,0.5072364807128906,1.0041296482086182,0.0
4,9,0.5072364807128906,1.0041154623031616,0.0
4,10,0.5072364807128906,1.0041053295135498,0.0
4,11,0.5072365403175354,1.0041543245315552,0.0
4,12,0.5072367191314697,1.0041979551315308,0.0
4,13,0.5072364807128906,1.0041241645812988,0.0
4,14,0.5072376728057861,1.0043056011199951,0.0
4,15,0.5072367787361145,1.0042083263397217,0.0
4,16,0.5072411298751831,1.00461745262146,0.0
4,17,0.5072375535964966,1.0043025016784668,0.0
4,18,0.5072373747825623,1.0042505264282227,0.0
4,19,0.5072365403175354,1.0041056871414185,0.0
4,20,0.5072365403175354,1.0041093826293945,0.0
5,0,0.5109400153160095,0.8532501459121704,0.0
5,1,0.5109400153160095,0.8532517552375793,0.0
5,2,0.5109400153160095,0.8532508611679077,0.0
5,3,0.5109400153160095,0.8532518148422241,0.0
6,0,0.5059763193130493,0.9295477271080017,0.0
6,1,0.5059762597084045,0.9295498728752136,0.0
6,2,0.5059762597084045,0.929550290107727,0.0
6,3,0.5059763193130493,0.9295480251312256,0.0
6,4,0.5059781670570374,0.9296060800552368,0.0
6,5,0.5059764981269836,0.929571807384491,0.0
6,6,0.5059762597084045,0.9295492172241211,0.0
6,7,0.5059763193130493,0.9295487999916077,0.0
6,8,0.5059763193130493,0.9295480251312256,0.0
6,9,0.5059818029403687,0.9296456575393677,0.0
6,10,0.5059765577316284,0.9295604825019836,0.0
7,0,0.5049830079078674,0.9472906589508057,0.0
7,1,0.5049830079078674,0.9472910165786743,0.0
7,2,0.5049830079078674,0.9472907781600952,0.0
7,3,0.5049830079078674,0.9472908973693848,0.0
7,4,0.5049830079078674,0.9472906589508057,0.0
7,5,0.5049830079078674,0.9472936987876892,0.0
7,6,0.5049830079078674,0.9472929239273071,0.0
7,7,0.5049830079078674,0.9472912549972534,0.0
7,8,0.5049833059310913,0.9473031759262085,0.0
7,9,0.5049830079078674,0.9472935199737549,0.0
7,10,0.5049830079078674,0.9472922086715698,0.0
7,11,0.5049830079078674,0.947291374206543,0.0
7,12,0.5049830079078674,0.94729083776474,0.0
7,13,0.5049830079078674,0.9472931623458862,0.0
8,0,0.5080706477165222,0.9885162115097046,0.0
8,1,0.5080706477165222,0.9885163307189941,0.0
8,2,0.5080706477165222,0.9885162115097046,0.0
8,3,0.5080706477165222,0.9885162115097046,0.0
8,4,0.5080706477165222,0.9885162115097046,0.0
8,5,0.5080706477165222,0.9885162115097046,0.0
8,6,0.5080706477165222,0.9885162115097046,0.0
8,7,0.5080706477165222,0.9885168075561523,0.0
8,8,0.5080706477165222,0.9885179400444031,0.0
8,9,0.5080706477165222,0.9885165095329285,0.0
8,10,0.5080705881118774,0.9885175228118896,0.0
8,11,0.5080705881118774,0.9885165095329285,0.0
8,12,0.5080706477165222,0.9885163307189941,0.0
8,13,0.5080706477165222,0.9885162115097046,0.0
8,14,0.5080705881118774,0.9885171055793762,0.0
8,15,0.508070707321167,0.9885194301605225,0.0
8,16,0.5080706477165222,0.9885179400444031,0.0
8,17,0.5080708265304565,0.9885209202766418,0.0
8,18,0.5080716609954834,0.9885332584381104,0.0
8,19,0.5080706477165222,0.988518238067627,0.0
8,20,0.5080706477165222,0.988518476486206,0.0
8,21,0.5080705881118774,0.9885172843933105,0.0
8,22,0.5080740451812744,0.9885879755020142,0.0
8,23,0.5080706477165222,0.9885166883468628,0.0
8,24,0.5080705881118774,0.9885172843933105,0.0
8,25,0.5080706477165222,0.9885179400444031,0.0
8,26,0.5080705881118774,0.9885217547416687,0.0
8,27,0.5080711245536804,0.9885289669036865,0.0
8,28,0.5080711841583252,0.9885265827178955,0.0
9,0,0.49806299805641174,0.8270602822303772,0.0
9,1,0.49806299805641174,0.8270610570907593,0.0
9,2,0.49806317687034607,0.8270623683929443,0.0
9,3,0.4980635941028595,0.8270695209503174,0.0
10,0,0.5036519765853882,0.9584601521492004,0.0
10,1,0.5036519765853882,0.95846027135849,0.0
10,2,0.5036519765853882,0.9584601521492004,0.0
10,3,0.5036519765853882,0.9584635496139526,0.0
10,4,0.5036519765853882,0.9584683179855347,0.0
10,5,0.5036518573760986,0.9585031270980835,0.0
10,6,0.5036513805389404,0.9585289359092712,0.0
10,7,0.5036520957946777,0.9584805965423584,0.0
11,0,0.5021273493766785,0.8479758501052856,0.0
11,1,0.5021156668663025,0.8473020792007446,0.0
11,2,0.5021273493766785,0.847977340221405,0.0
11,3,0.5021229982376099,0.8480504155158997,0.0
12,0,0.5111138820648193,0.8767774701118469,0.0
12,1,0.5111138224601746,0.8767788410186768,0.0
12,2,0.5111138820648193,0.8767796754837036,0.0
13,0,0.5063056349754333,0.8816788196563721,0.0
13,1,0.5063056349754333,0.8816792368888855,0.0
13,2,0.5063068270683289,0.8816821575164795,0.0
13,3,0.5063056349754333,0.8816791772842407,0.0
13,4,0.5063062906265259,0.8816814422607422,0.0
13,5,0.5063056349754333,0.8816791772842407,0.0
13,6,0.5063056945800781,0.8816796541213989,0.0
13,7,0.5063067078590393,0.8816830515861511,0.0
13,8,0.5063056349754333,0.8816789984703064,0.0
14,0,0.5066671371459961,0.8283104300498962,0.0
14,1,0.5066671371459961,0.8283104300498962,0.0
14,2,0.5066671371459961,0.8283104300498962,0.0
14,3,0.5066671371459961,0.8283104300498962,0.0
14,4,0.5066671371459961,0.8283104300498962,0.0
14,5,0.5066660046577454,0.8283213973045349,0.0
14,6,0.5066670179367065,0.8283118009567261,0.0
15,0,0.5084211230278015,0.901088297367096,0.0
15,1,0.5084211230278015,0.9010886549949646,0.0
15,2,0.5084211230278015,0.9010884761810303,0.0
15,3,0.5084211230278015,0.9010886549949646,0.0
15,4,0.5084211230278015,0.9010903239250183,0.0
15,5,0.5084211230278015,0.9010899066925049,0.0
15,6,0.5084211230278015,0.9010902047157288,0.0
16,0,0.5091027021408081,0.9169539213180542,0.0
16,1,0.5091027617454529,0.9169588088989258,0.0
16,2,0.5091027617454529,0.9169595241546631,0.0
16,3,0.5090888142585754,0.9171777963638306,0.0
16,4,0.5091027617454529,0.9169578552246094,0.0
17,0,0.5109744668006897,0.7784686088562012,0.0
17,1,0.5109744668006897,0.7784687876701355,0.0
17,2,0.5109744668006897,0.7784698009490967,0.0
17,3,0.5109741687774658,0.7784895300865173,0.0
18,0,0.5058209300041199,0.8982455730438232,0.0
18,1,0.5058209300041199,0.8982464075088501,0.0
18,2,0.5058209300041199,0.8982461094856262,0.0
18,3,0.5058209300041199,0.898246705532074,0.0
18,4,0.5058209896087646,0.8982489109039307,0.0
19,0,0.5084516406059265,0.9158037900924683,0.0
19,1,0.5084517002105713,0.9158037900924683,0.0
19,2,0.5084516406059265,0.9158037900924683,0.0
19,3,0.5084516406059265,0.915804386138916,0.0
19,4,0.5084513425827026,0.9158111810684204,0.0
19,5,0.5084514021873474,0.915808916091919,0.0
19,6,0.5084513425827026,0.9158104062080383,0.0
19,7,0.5084512829780579,0.9158120155334473,0.0
20,0,0.508978545665741,1.039527177810669,0.005118850618600845
20,1,0.508978545665741,1.039527177810669,0.0051188357174396515
20,2,0.508978545665741,1.039527177810669,0.005118843168020248
20,3,0.5089786052703857,1.03952956199646,0.005118843168020248
20,4,0.508978545665741,1.039527177810669,0.005118858069181442
20,5,0.5089786648750305,1.0395302772521973,0.005118794739246368
20,6,0.508978545665741,1.0395275354385376,0.005118846893310547
20,7,0.5089786648750305,1.0395301580429077,0.005118809640407562
20,8,0.508978545665741,1.039527177810669,0.005118843168020248
20,9,0.5089786052703857,1.0395289659500122,0.005118869245052338
20,10,0.508978545665741,1.039527177810669,0.005118858069181442
20,11,0.508978545665741,1.0395272970199585,0.005118850618600845
20,12,0.5089786648750305,1.0395315885543823,0.0051187314093112946
20,13,0.5089771151542664,1.0396069288253784,0.005111481994390488
20,14,0.5089788436889648,1.039534568786621,0.005118560045957565
20,15,0.5089791417121887,1.039587140083313,0.0051145851612091064
20,16,0.5089746713638306,1.0396175384521484,0.005107179284095764
20,17,0.508978545665741,1.039527416229248,0.005118831992149353
20,18,0.5089790225028992,1.0395407676696777,0.00511830672621727
20,19,0.5089792013168335,1.039586067199707,0.0051134563982486725
20,20,0.508979856967926,1.0395705699920654,0.005115967243909836
20,21,0.5089797973632812,1.039560079574585,0.005117334425449371
20,22,0.5089789032936096,1.0395363569259644,0.005118299275636673
21,0,0.5073223114013672,1.0556344985961914,0.021064061671495438
21,1,0.5073223114013672,1.055637240409851,0.0210639126598835
21,2,0.5073223114013672,1.0556344985961914,0.021064061671495438
21,3,0.5073223114013672,1.0556353330612183,0.02106408402323723
21,4,0.5073223114013672,1.0556344985961914,0.021064061671495438
21,5,0.5073223114013672,1.0556344985961914,0.021064069122076035
21,6,0.5073223114013672,1.0556350946426392,0.021064113825559616
21,7,0.507322371006012,1.0556366443634033,0.02106398716568947
21,8,0.507322371006012,1.0556360483169556,0.02106403186917305
21,9,0.507322371006012,1.0556367635726929,0.021063972264528275
21,10,0.5073223114013672,1.0556397438049316,0.021063659340143204
21,11,0.5073220729827881,1.0556480884552002,0.02106398344039917
21,12,0.5073223114013672,1.0556344985961914,0.021064069122076035
21,13,0.507321834564209,1.0556560754776,0.02106417343020439
21,14,0.5073223114013672,1.0556349754333496,0.02106410637497902
21,15,0.5073223114013672,1.0556354522705078,0.02106407657265663
21,16,0.5073223114013672,1.05563485622406,0.021064113825559616
21,17,0.5073223114013672,1.0556344985961914,0.021064098924398422
21,18,0.5073223114013672,1.0556349754333496,0.021064117550849915
21,19,0.5073223114013672,1.0556371212005615,0.02106384187936783
21,20,0.507321834564209,1.055654525756836,0.02106430009007454
21,21,0.507321834564209,1.0556554794311523,0.02106422558426857
21,22,0.5073223114013672,1.05563485622406,0.02106408402323723
21,23,0.5073223114013672,1.0556381940841675,0.021064143627882004
21,24,0.5073223114013672,1.055634617805481,0.021064069122076035
21,25,0.5073221325874329,1.0556631088256836,0.0210631862282753
21,26,0.5073223114013672,1.0556344985961914,0.021064061671495438
21,27,0.507322371006012,1.0556366443634033,0.021063994616270065
21,28,0.5073222517967224,1.0556418895721436,0.021063711494207382
21,29,0.5073218941688538,1.0556566715240479,0.02106403186917305
21,30,0.5073245763778687,1.0556920766830444,0.021056097000837326
21,31,0.5073223114013672,1.0556344985961914,0.02106408402323723
21,32,0.5073222517967224,1.0556429624557495,0.021063756197690964
21,33,0.5073257684707642,1.055711030960083,0.021054212003946304
21,34,0.5073223114013672,1.0556390285491943,0.02106398344039917
22,0,0.503010630607605,0.7168309688568115,0.0
23,0,0.5166497826576233,0.8959537744522095,0.0
23,1,0.5166497826576233,0.8959538340568542,0.0
23,2,0.5166510939598083,0.8959453105926514,0.0
23,3,0.5166494846343994,0.8959647417068481,0.0
23,4,0.5166493654251099,0.8959683179855347,0.0
23,5,0.5166496634483337,0.8959585428237915,0.0
24,0,0.5146611928939819,0.8874292373657227,0.0
24,1,0.5146611928939819,0.8874293565750122,0.0
24,2,0.5146611928939819,0.8874292373657227,0.0
24,3,0.5146611928939819,0.8874292969703674,0.0
24,4,0.5146611332893372,0.8874302506446838,0.0
24,5,0.5146611332893372,0.8874301314353943,0.0
24,6,0.5146611928939819,0.8874292969703674,0.0
24,7,0.5146610736846924,0.8874305486679077,0.0
24,8,0.5146611332893372,0.8874301910400391,0.0
25,0,0.5090631246566772,0.9227365255355835,0.0
25,1,0.5090631246566772,0.9227365255355835,0.0
25,2,0.5090631246566772,0.9227367639541626,0.0
25,3,0.5090631246566772,0.9227365255355835,0.0
25,4,0.5090631246566772,0.9227365255355835,0.0
25,5,0.5090631246566772,0.9227371215820312,0.0
25,6,0.5090631246566772,0.9227365851402283,0.0
25,7,0.509063184261322,0.9227372407913208,0.0
25,8,0.5090631246566772,0.9227370023727417,0.0
25,9,0.509063184261322,0.9227378368377686,0.0
25,10,0.509063184261322,0.9227375984191895,0.0
25,11,0.5090631246566772,0.9227365851402283,0.0
25,12,0.5090631246566772,0.9227365851402283,0.0
25,13,0.5090631246566772,0.9227365851402283,0.0
25,14,0.509063184261322,0.9227371215820312,0.0
25,15,0.5090632438659668,0.9227402210235596,0.0
25,16,0.509063184261322,0.9227378368377686,0.0
25,17,0.509063184261322,0.9227389097213745,0.0
25,18,0.509063184261322,0.9227375388145447,0.0
25,19,0.509063720703125,0.9227872490882874,0.0
25,20,0.5090661644935608,0.9228748083114624,0.0
25,21,0.509063184261322,0.9227389693260193,0.0
25,22,0.5090631246566772,0.9227365255355835,0.0
25,23,0.5090534687042236,0.9229692220687866,0.0
25,24,0.5090557932853699,0.9229658842086792,0.0
26,0,0.503940761089325,1.0032042264938354,0.008258599787950516
26,1,0.5039408206939697,1.003205418586731,0.008258622139692307
26,2,0.503940999507904,1.0032122135162354,0.008258912712335587
26,3,0.503940761089325,1.0032048225402832,0.008258622139692307
26,4,0.5038947463035583,1.0041804313659668,0.008355509489774704
26,5,0.503940761089325,1.003204345703125,0.008258592337369919
26,6,0.5039418339729309,1.0032398700714111,0.008261684328317642
26,7,0.5039419531822205,1.0032453536987305,0.008261952549219131
26,8,0.50394207239151,1.003402590751648,0.008270997554063797
27,0,0.5106398463249207,0.9153348803520203,0.0
27,1,0.5106398463249207,0.9153362512588501,0.0
27,2,0.5106398463249207,0.9153349995613098,0.0
27,3,0.5106398463249207,0.9153372049331665,0.0
27,4,0.5106399059295654,0.915341854095459,0.0
27,5,0.5106400847434998,0.9153481721878052,0.0
27,6,0.5106399655342102,0.9153419733047485,0.0
27,7,0.5106401443481445,0.9153725504875183,0.0
27,8,0.5106398463249207,0.9153357744216919,0.0
27,9,0.5106399059295654,0.9153397083282471,0.0
27,10,0.5106403231620789,0.9153594374656677,0.0
27,11,0.5106399655342102,0.9153406620025635,0.0
28,0,0.5063587427139282,0.863553524017334,0.0
28,1,0.5063587427139282,0.8635532259941101,0.0
28,2,0.5063587427139282,0.8635534048080444,0.0
28,3,0.5063587427139282,0.8635531067848206,0.0
28,4,0.5063587427139282,0.863553524017334,0.0
28,5,0.5063587427139282,0.8635531067848206,0.0
28,6,0.5063587427139282,0.863553524017334,0.0
28,7,0.5063587427139282,0.863553524017334,0.0
28,8,0.5063587427139282,0.8635534048080444,0.0
28,9,0.5063587427139282,0.8635532855987549,0.0
28,10,0.5063587427139282,0.863553524017334,0.0
28,11,0.5063587427139282,0.8635533452033997,0.0
28,12,0.5063587427139282,0.8635534048080444,0.0
28,13,0.5063587427139282,0.8635531067848206,0.0
28,14,0.5063587427139282,0.863553524017334,0.0
28,15,0.5063587427139282,0.863553524017334,0.0
28,16,0.5063587427139282,0.8635532855987549,0.0
28,17,0.5063587427139282,0.863553524017334,0.0
28,18,0.5063587427139282,0.8635531067848206,0.0
28,19,0.5063587427139282,0.863553524017334,0.0
28,20,0.5063587427139282,0.863553524017334,0.0
28,21,0.5063587427139282,0.863553524017334,0.0
28,22,0.5063587427139282,0.863553524017334,0.0
28,23,0.5063587427139282,0.8635531663894653,0.0
28,24,0.5063587427139282,0.8635531663894653,0.0
28,25,0.5063587427139282,0.863553524017334,0.0
28,26,0.5063587427139282,0.863553524017334,0.0
28,27,0.5063587427139282,0.8635531663894653,0.0
28,28,0.5063587427139282,0.863553524017334,0.0
28,29,0.5063586831092834,0.8635528683662415,0.0
28,30,0.5063587427139282,0.863553524017334,0.0
28,31,0.5063587427139282,0.8635531067848206,0.0
28,32,0.5063587427139282,0.863553524017334,0.0
28,33,0.5063587427139282,0.863553524017334,0.0
28,34,0.5063587427139282,0.863553524017334,0.0
28,35,0.5063587427139282,0.8635533452033997,0.0
28,36,0.5063587427139282,0.863553524017334,0.0
28,37,0.5063587427139282,0.863553524017334,0.0
28,38,0.5063587427139282,0.863553524017334,0.0
28,39,0.5063587427139282,0.863553524017334,0.0
29,0,0.5029469728469849,0.736422061920166,0.0
30,0,0.5103182792663574,0.7734434008598328,0.0
31,0,0.5068326592445374,0.7758402228355408,0.0
31,1,0.5068326592445374,0.7758406400680542,0.0
31,2,0.5068327188491821,0.7758439779281616,0.0
32,0,0.5074864029884338,0.8023286461830139,0.0
32,1,0.5074864625930786,0.8023317456245422,0.0
32,2,0.5074864625930786,0.8023316264152527,0.0
33,0,0.5003539323806763,0.8799532055854797,0.0
33,1,0.500353991985321,0.87995445728302,0.0
33,2,0.5003539323806763,0.8799597024917603,0.0
33,3,0.500353991985321,0.8799545764923096,0.0
33,4,0.5003550052642822,0.879999577999115,0.0
33,5,0.5003541111946106,0.8799786567687988,0.0
34,0,0.5073353052139282,0.9098272919654846,0.0
34,1,0.5073353052139282,0.9098278284072876,0.0
34,2,0.5073353052139282,0.9098339080810547,0.0
34,3,0.5073353052139282,0.9098334908485413,0.0
34,4,0.5073353052139282,0.9098300337791443,0.0
34,5,0.5073353052139282,0.9098337292671204,0.0
35,0,0.5081045627593994,0.9092303514480591,0.0
35,1,0.5081045627593994,0.9092303514480591,0.0
35,2,0.5081045627593994,0.9092303514480591,0.0
35,3,0.5081046223640442,0.9092308878898621,0.0
35,4,0.5081048011779785,0.9092358350753784,0.0
35,5,0.5081045627593994,0.9092303514480591,0.0
35,6,0.5081045627593994,0.9092303514480591,0.0
35,7,0.5081045627593994,0.9092303514480591,0.0
35,8,0.5080751180648804,0.9108895063400269,0.0
35,9,0.5081045627593994,0.9092303514480591,0.0
36,0,0.5048164129257202,0.8149192333221436,0.0
36,1,0.5048164129257202,0.8149197697639465,0.0
36,2,0.5048164129257202,0.8149330615997314,0.0
36,3,0.5048162341117859,0.8151559233665466,0.0
36,4,0.5048163533210754,0.8149428963661194,0.0
37,0,0.5070204138755798,0.8542520999908447,0.0
37,1,0.5070204734802246,0.8542526364326477,0.0
37,2,0.5070208311080933,0.8542555570602417,0.0
37,3,0.507020890712738,0.8542558550834656,0.0
37,4,0.5070204734802246,0.8542530536651611,0.0
38,0,0.5119993090629578,0.921754777431488,0.0
38,1,0.5119993090629578,0.9217552542686462,0.0
38,2,0.5119991898536682,0.9217572212219238,0.0
38,3,0.5119993090629578,0.9217556715011597,0.0
38,4,0.5119993090629578,0.921755850315094,0.0
38,5,0.5119993090629578,0.921755313873291,0.0
38,6,0.5119993090629578,0.9217554926872253,0.0
38,7,0.5119978189468384,0.9217816591262817,0.0
38,8,0.5119940638542175,0.9218366146087646,0.0
38,9,0.511992871761322,0.921831488609314,0.0
38,10,0.511991024017334,0.9218462705612183,0.0
39,0,0.5099123120307922,0.8199847936630249,0.0
39,1,0.5099146962165833,0.8200356960296631,0.0
39,2,0.509913980960846,0.8200379610061646,0.0
40,0,0.5084863305091858,0.9068126678466797,0.0
40,1,0.508486270904541,0.906816840171814,0.0
40,2,0.508486270904541,0.9068136215209961,0.0
40,3,0.5084863901138306,0.9068254828453064,0.0
40,4,0.508486270904541,0.9068165421485901,0.0
40,5,0.508486270904541,0.9068167805671692,0.0
40,6,0.5084864497184753,0.9068286418914795,0.0
40,7,0.5084871649742126,0.9068512916564941,0.0
41,0,0.5185875296592712,0.7462660670280457,0.0
42,0,0.5131592154502869,1.0119144916534424,0.0
42,1,0.5131592154502869,1.0119144916534424,0.0
42,2,0.5131592154502869,1.0119152069091797,0.0
42,3,0.5131592154502869,1.0119144916534424,0.0
42,4,0.5131592154502869,1.011914610862732,0.0
42,5,0.5131592154502869,1.0119147300720215,0.0
42,6,0.5131592154502869,1.011915922164917,0.0
42,7,0.5131592154502869,1.011914849281311,0.0
42,8,0.513158917427063,1.011941909790039,0.0
42,9,0.5131592154502869,1.011919617652893,0.0
42,10,0.5131590366363525,1.0119349956512451,0.0
42,11,0.5131585597991943,1.0119457244873047,0.0
42,12,0.5131587982177734,1.0119426250457764,0.0
42,13,0.513158917427063,1.011939287185669,0.0
42,14,0.5131591558456421,1.0119225978851318,0.0
42,15,0.5131590366363525,1.0119357109069824,0.0
42,16,0.5131570100784302,1.011961817741394,0.0
42,17,0.5131591558456421,1.0119173526763916,0.0
42,18,0.5131592154502869,1.0119165182113647,0.0
42,19,0.5131573677062988,1.0119574069976807,0.0
42,20,0.5131591558456421,1.0119173526763916,0.0
42,21,0.5131591558456421,1.0119270086288452,0.0
42,22,0.5131592154502869,1.0119144916534424,0.0
42,23,0.5131584405899048,1.0119495391845703,0.0
42,24,0.5131583213806152,1.0119504928588867,0.0
42,25,0.5131509304046631,1.0119783878326416,0.0
42,26,0.5131569504737854,1.0119621753692627,0.0
42,27,0.5131511092185974,1.0119810104370117,0.0
42,28,0.513157308101654,1.0119566917419434,0.0
43,0,0.51288241147995,0.926587700843811,0.0
43,1,0.51288241147995,0.9265889525413513,0.0
43,2,0.51288241147995,0.9265954494476318,0.0
43,3,0.5128824710845947,0.9265944957733154,0.0
43,4,0.51288241147995,0.9265878200531006,0.0
43,5,0.5128821134567261,0.9266066551208496,0.0
44,0,0.5132900476455688,0.8927182555198669,0.0
44,1,0.5132900476455688,0.8927183151245117,0.0
44,2,0.5132900476455688,0.8927183151245117,0.0
44,3,0.5132900476455688,0.8927183151245117,0.0
44,4,0.5132900476455688,0.8927182555198669,0.0
44,5,0.5132900476455688,0.8927183151245117,0.0
44,6,0.5132900476455688,0.8927183151245117,0.0
44,7,0.5132900476455688,0.8927182555198669,0.0
44,8,0.5132900476455688,0.8927183151245117,0.0
44,9,0.5132900476455688,0.8927183151245117,0.0
44,10,0.5132899284362793,0.8927181363105774,0.0
44,11,0.5132900476455688,0.8927183151245117,0.0
44,12,0.5132899880409241,0.8927181959152222,0.0
44,13,0.5132900476455688,0.8927182555198669,0.0
44,14,0.5132899284362793,0.8927193880081177,0.0
44,15,0.5132900476455688,0.8927183151245117,0.0
44,16,0.5132900476455688,0.8927183151245117,0.0
44,17,0.5132900476455688,0.8927182555198669,0.0
44,18,0.5132900476455688,0.8927183151245117,0.0
44,19,0.5132899880409241,0.8927183747291565,0.0
44,20,0.5132900476455688,0.8927183151245117,0.0
44,21,0.5132900476455688,0.8927183151245117,0.0
44,22,0.5132900476455688,0.8927183151245117,0.0
44,23,0.5132900476455688,0.8927183151245117,0.0
44,24,0.5132899880409241,0.8927184343338013,0.0
44,25,0.5132900476455688,0.8927183151245117,0.0
44,26,0.5132900476455688,0.8927183151245117,0.0
44,27,0.5132900476455688,0.8927183151245117,0.0
44,28,0.5132900476455688,0.8927183151245117,0.0
44,29,0.5132900476455688,0.8927182555198669,0.0
44,30,0.5132898092269897,0.8927204608917236,0.0
45,0,0.5068174600601196,0.7775548696517944,0.0
45,1,0.5068174600601196,0.7775560617446899,0.0
45,2,0.5068174004554749,0.777583122253418,0.0
46,0,0.5121243596076965,1.0026100873947144,0.0
46,1,0.5121243596076965,1.002614140510559,0.0
46,2,0.5121243596076965,1.0026119947433472,0.0
46,3,0.5121243596076965,1.0026109218597412,0.0
46,4,0.5121243596076965,1.002610445022583,0.0
46,5,0.5121243596076965,1.0026103258132935,0.0
46,6,0.5121243596076965,1.0026136636734009,0.0
46,7,0.5121243596076965,1.0026121139526367,0.0
46,8,0.5121244788169861,1.002619743347168,0.0
46,9,0.5121243596076965,1.00261390209198,0.0
46,10,0.5121244192123413,1.002617359161377,0.0
46,11,0.5121243596076965,1.0026109218597412,0.0
46,12,0.5121243596076965,1.0026100873947144,0.0
46,13,0.5121243596076965,1.0026129484176636,0.0
46,14,0.51212477684021,1.002623438835144,0.0
46,15,0.5121243596076965,1.002610683441162,0.0
46,16,0.5121253728866577,1.0026371479034424,0.0
46,17,0.5121243596076965,1.0026133060455322,0.0
46,18,0.5121246576309204,1.002661108970642,0.0
46,19,0.5121243596076965,1.0026134252548218,0.0
46,20,0.5121243596076965,1.002610206604004,0.0
46,21,0.5121243000030518,1.0026148557662964,0.0
46,22,0.51212477684021,1.002665400505066,0.0
46,23,0.5121243596076965,1.0026129484176636,0.0
46,24,0.5121243596076965,1.0026118755340576,0.0
46,25,0.5121249556541443,1.0026272535324097,0.0
47,0,0.5130335092544556,0.7539663314819336,0.0
47,1,0.5130335688591003,0.7539722323417664,0.0
48,0,0.5071965456008911,0.867942750453949,0.0
48,1,0.5071965456008911,0.867942750453949,0.0
48,2,0.5071965456008911,0.8679434657096863,0.0
49,0,0.5100955963134766,0.8660157918930054,0.0
49,1,0.5100955367088318,0.8660187721252441,0.0
49,2,0.5100955963134766,0.8660176992416382,0.0
49,3,0.5100953578948975,0.8660227060317993,0.0
49,4,0.5100955963134766,0.8660174012184143,0.0
49,5,0.5100955367088318,0.8660207986831665,0.0
50,0,0.5058706402778625,0.7863799333572388,0.0
50,1,0.5058705806732178,0.7863835096359253,0.0
51,0,0.5045282244682312,0.9564154148101807,0.00017940998077392578
51,1,0.5045282244682312,0.9564173221588135,0.00017951056361198425
51,2,0.5045282244682312,0.9564154744148254,0.000179387629032135
51,3,0.5045282244682312,0.9564156532287598,0.00017938390374183655
51,4,0.5045282244682312,0.9564160108566284,0.0001794286072254181
51,5,0.5045282244682312,0.9564154148101807,0.00017940625548362732
51,6,0.5045282244682312,0.9564163684844971,0.0001793503761291504
51,7,0.5045282244682312,0.9564172029495239,0.00017960742115974426
51,8,0.5045281648635864,0.9564179182052612,0.0001796036958694458
51,9,0.5045282244682312,0.9564160704612732,0.00017938017845153809
51,10,0.5045282244682312,0.9564154148101807,0.0001793988049030304
51,11,0.5045282244682312,0.9564154148101807,0.0001793988049030304
51,12,0.5045278668403625,0.9564433693885803,0.00017867982387542725
51,13,0.5045282244682312,0.9564169645309448,0.0001790858805179596
51,14,0.5045280456542969,0.9564282298088074,0.00017878785729408264
51,15,0.5045282244682312,0.9564158320426941,0.00017934292554855347
51,16,0.5045271515846252,0.9564643502235413,0.00017753615975379944
52,0,0.507006049156189,0.7831857800483704,0.0
52,1,0.507006049156189,0.7831863760948181,0.0
52,2,0.5070059895515442,0.7832263112068176,0.0
52,3,0.5070059299468994,0.7832201719284058,0.0
53,0,0.514504075050354,0.7718046307563782,0.0
54,0,0.5070822834968567,0.7670153975486755,0.0
54,1,0.5070792436599731,0.7671805620193481,0.0
55,0,0.51076340675354,1.0151010751724243,0.0
55,1,0.5107635259628296,1.015110731124878,0.0
55,2,0.5107637047767639,1.0151079893112183,0.0
55,3,0.5107637047767639,1.0151087045669556,0.0
55,4,0.5107634663581848,1.0151035785675049,0.0
55,5,0.51076340675354,1.0151015520095825,0.0
55,6,0.5107634663581848,1.0151022672653198,0.0
55,7,0.51076340675354,1.0151010751724243,0.0
55,8,0.5107634663581848,1.0151032209396362,0.0
55,9,0.51076340675354,1.0151015520095825,0.0
55,10,0.51076340675354,1.0151011943817139,0.0
55,11,0.5107633471488953,1.0151323080062866,0.0
55,12,0.51076340675354,1.0151020288467407,0.0
55,13,0.5107635259628296,1.0151262283325195,0.0
55,14,0.51076340675354,1.0151011943817139,0.0
55,15,0.51076340675354,1.0151515007019043,0.0
55,16,0.510762631893158,1.0152056217193604,0.0
55,17,0.5107637047767639,1.0151078701019287,0.0
55,18,0.5107541680335999,1.015380859375,0.0
55,19,0.5107483267784119,1.0154379606246948,0.0
55,20,0.51076340675354,1.0151017904281616,0.0
55,21,0.5107637047767639,1.0151077508926392,0.0
56,0,0.5043002963066101,0.933692991733551,0.0
56,1,0.5043002963066101,0.9336931705474854,0.0
56,2,0.5043002963066101,0.9336941242218018,0.0
56,3,0.5043002963066101,0.933693528175354,0.0
56,4,0.5043002367019653,0.9336975812911987,0.0
56,5,0.5043002963066101,0.9336931705474854,0.0
56,6,0.5043002367019653,0.9336970448493958,0.0
56,7,0.504300594329834,0.9337107539176941,0.0
57,0,0.5002660155296326,0.9882062673568726,0.0
57,1,0.5002660155296326,0.9882094264030457,0.0
57,2,0.5002660155296326,0.9882091879844666,0.0
57,3,0.5002661943435669,0.9882140159606934,0.0
57,4,0.5002660155296326,0.988206684589386,0.0
57,5,0.5002661347389221,0.9882131814956665,0.0
57,6,0.5002691745758057,0.9883209466934204,0.0
57,7,0.5002763867378235,0.9885919690132141,0.0
57,8,0.5002661943435669,0.9882147312164307,0.0
57,9,0.5002763271331787,0.988487720489502,0.0
57,10,0.5002740621566772,0.9884183406829834,0.0
57,11,0.5002660155296326,0.9882088899612427,0.0
58,0,0.5046953558921814,0.8295475840568542,0.0
58,1,0.5046953558921814,0.8295484781265259,0.0
58,2,0.5046953558921814,0.8295485973358154,0.0
58,3,0.5046953558921814,0.8295484185218811,0.0
58,4,0.5046953558921814,0.8295484781265259,0.0
58,5,0.5046954154968262,0.8295502066612244,0.0
59,0,0.5078524947166443,0.8347956538200378,0.0
59,1,0.5078524947166443,0.8347961902618408,0.0
59,2,0.5078524947166443,0.8347964286804199,0.0
60,0,0.5083615779876709,0.7930002808570862,0.0
60,1,0.5083615779876709,0.7930004000663757,0.0
60,2,0.5083639621734619,0.7930228114128113,0.0
60,3,0.5083615779876709,0.7930004000663757,0.0
61,0,0.5040581822395325,0.8401811718940735,0.0
61,1,0.5040581822395325,0.8401813507080078,0.0
61,2,0.5040581822395325,0.8401813507080078,0.0
62,0,0.508283257484436,0.9173500537872314,0.0
62,1,0.508283257484436,0.9173501133918762,0.0
62,2,0.508283257484436,0.9173526167869568,0.0
62,3,0.508283257484436,0.9173501133918762,0.0
62,4,0.508283257484436,0.9173511266708374,0.0
62,5,0.5082831978797913,0.9173552989959717,0.0
62,6,0.508283257484436,0.9173503518104553,0.0
62,7,0.508283257484436,0.9173542857170105,0.0
62,8,0.5082831978797913,0.9173604846000671,0.0
62,9,0.5082830786705017,0.9173689484596252,0.0
62,10,0.508283257484436,0.9173554182052612,0.0
62,11,0.5082831382751465,0.9173649549484253,0.0
62,12,0.508283257484436,0.9173506498336792,0.0
63,0,0.5047400593757629,0.881074070930481,0.0
63,1,0.5047401189804077,0.8810755014419556,0.0
63,2,0.5047402381896973,0.8810804486274719,0.0
63,3,0.5047392845153809,0.8811019062995911,0.0
64,0,0.50177401304245,0.9802647829055786,0.0
64,1,0.50177401304245,0.9802651405334473,0.0
64,2,0.50177401304245,0.9802650213241577,0.0
64,3,0.501774251461029,0.9802707433700562,0.0
64,4,0.5017746090888977,0.9802794456481934,0.0
64,5,0.5017743110656738,0.9802719354629517,0.0
64,6,0.5017743706703186,0.9802734851837158,0.0
64,7,0.5017745494842529,0.9802803993225098,0.0
64,8,0.5017729997634888,0.9803047180175781,0.0
64,9,0.50177401304245,0.9802647829055786,0.0
64,10,0.50177401304245,0.9802660942077637,0.0
64,11,0.50177401304245,0.9802656173706055,0.0
64,12,0.5017740726470947,0.9802692532539368,0.0
64,13,0.5017740726470947,0.9802689552307129,0.0
64,14,0.5017740726470947,0.9802889823913574,0.0
64,15,0.5017728209495544,0.9803100824356079,0.0
64,16,0.5017740726470947,0.9802675247192383,0.0
64,17,0.5017744302749634,0.9802728295326233,0.0
65,0,0.5132666826248169,0.8429084420204163,0.0
65,1,0.5132668614387512,0.8429116010665894,0.0
65,2,0.5132667422294617,0.8429122567176819,0.0
66,0,0.4990510046482086,0.9119759798049927,0.0
66,1,0.4990510046482086,0.9119762778282166,0.0
66,2,0.4990510046482086,0.911976158618927,0.0
66,3,0.4990510046482086,0.9119760990142822,0.0
66,4,0.4990510642528534,0.9119769334793091,0.0
66,5,0.4990510642528534,0.9119768142700195,0.0
66,6,0.49905112385749817,0.9119778275489807,0.0
66,7,0.4990510046482086,0.9119760990142822,0.0
66,8,0.4990512430667877,0.9119786620140076,0.0
67,0,0.5036740303039551,1.006616473197937,0.0021945014595985413
67,1,0.5036740303039551,1.0066165924072266,0.0021945200860500336
67,2,0.5036740303039551,1.0066179037094116,0.0021945349872112274
67,3,0.5036740899085999,1.0066187381744385,0.002194523811340332
67,4,0.5036740303039551,1.0066167116165161,0.0021945275366306305
67,5,0.5036740303039551,1.0066180229187012,0.002194557338953018
67,6,0.5036740899085999,1.0066229104995728,0.0021952353417873383
67,7,0.5036740899085999,1.0066196918487549,0.0021946877241134644
67,8,0.5036740303039551,1.0066171884536743,0.002194546163082123
67,9,0.5036740899085999,1.0066218376159668,0.0021948330104351044
67,10,0.5036740303039551,1.006617546081543,0.0021945349872112274
67,11,0.5036740899085999,1.0066205263137817,0.002194751054048538
67,12,0.5036740899085999,1.0066215991973877,0.0021947212517261505
67,13,0.5036741495132446,1.0066251754760742,0.002195991575717926
67,14,0.5036740899085999,1.0066266059875488,0.0021962448954582214
67,15,0.5036734342575073,1.0066306591033936,0.0021981261670589447
67,16,0.5036739706993103,1.0066276788711548,0.0021964944899082184
68,0,0.5089254379272461,0.9493110179901123,0.0
68,1,0.5089254975318909,0.9493125081062317,0.0
68,2,0.5089254379272461,0.9493110179901123,0.0
68,3,0.5089255571365356,0.9493131637573242,0.0
68,4,0.5089254379272461,0.9493111371994019,0.0
68,5,0.5089254379272461,0.949311375617981,0.0
68,6,0.5089254975318909,0.9493124485015869,0.0
68,7,0.5089256167411804,0.9493141174316406,0.0
68,8,0.5089255571365356,0.9493129849433899,0.0
68,9,0.5089256167411804,0.9493139982223511,0.0
68,10,0.5089256763458252,0.949313223361969,0.0
69,0,0.5064185857772827,0.9986653327941895,0.0
69,1,0.5064185261726379,0.998665452003479,0.0
69,2,0.5064185857772827,0.9986653923988342,0.0
69,3,0.5064185261726379,0.9986661076545715,0.0
69,4,0.5064185261726379,0.9986653923988342,0.0
69,5,0.5064185857772827,0.9986659288406372,0.0
69,6,0.5064185261726379,0.9986692667007446,0.0
69,7,0.5064184665679932,0.9986706972122192,0.0
69,8,0.5064185261726379,0.9986653923988342,0.0
69,9,0.5064185261726379,0.9986701011657715,0.0
69,10,0.5064185857772827,0.9986653327941895,0.0
69,11,0.5064185261726379,0.9986656904220581,0.0
69,12,0.5064184665679932,0.9986721277236938,0.0
69,13,0.5064184665679932,0.9986773729324341,0.0
69,14,0.5064184665679932,0.9986714124679565,0.0
69,15,0.5064184665679932,0.9986734390258789,0.0
69,16,0.5064184665679932,0.9986729621887207,0.0
69,17,0.5064190626144409,0.9987630844116211,0.0
69,18,0.5064184665679932,0.998672604560852,0.0
69,19,0.5064185857772827,0.9986658692359924,0.0
69,20,0.5064185261726379,0.9986672401428223,0.0
69,21,0.5064492225646973,0.9993160367012024,0.0
69,22,0.5064185261726379,0.9986692070960999,0.0
69,23,0.5064185261726379,0.9986656904220581,0.0
70,0,0.5086790323257446,0.9622015953063965,0.0
70,1,0.5086790323257446,0.9622019529342651,0.0
70,2,0.5086790919303894,0.9622063636779785,0.0
70,3,0.5086781978607178,0.9622281193733215,0.0
70,4,0.5086790919303894,0.9622114896774292,0.0
70,5,0.5086790323257446,0.9622212648391724,0.0
70,6,0.5086790919303894,0.9622067213058472,0.0
70,7,0.5086790919303894,0.9622064828872681,0.0
70,8,0.5086790323257446,0.9622018337249756,0.0
70,9,0.5086790323257446,0.9622023105621338,0.0
70,10,0.5086797475814819,0.9622927904129028,0.0
70,11,0.508679211139679,0.9622171521186829,0.0
70,12,0.5086790919303894,0.962221622467041,0.0
70,13,0.5086790919303894,0.9622101783752441,0.0
70,14,0.5086791515350342,0.962215781211853,0.0
71,0,0.5094444155693054,0.7613652944564819,0.0
72,0,0.5046530961990356,0.8596895337104797,0.0
72,1,0.5046535134315491,0.8597002625465393,0.0
72,2,0.5046536326408386,0.8597055673599243,0.0
73,0,0.5118556618690491,0.9028910398483276,0.0
73,1,0.5118556618690491,0.902891218662262,0.0
73,2,0.5118557810783386,0.9028918743133545,0.0
73,3,0.5118556618690491,0.9028917551040649,0.0
73,4,0.5118557214736938,0.9028920531272888,0.0
73,5,0.5118557810783386,0.9028921127319336,0.0
73,6,0.5118558406829834,0.9028920531272888,0.0
73,7,0.5118557214736938,0.9028910994529724,0.0
73,8,0.5118556618690491,0.9028918147087097,0.0
74,0,0.5099328756332397,0.8102840781211853,0.0
74,1,0.509932816028595,0.8102846145629883,0.0
74,2,0.5099326968193054,0.8102893829345703,0.0
74,3,0.5099321007728577,0.8102968335151672,0.0
75,0,0.5153186321258545,0.8496032357215881,0.0
75,1,0.5153185725212097,0.8496040105819702,0.0
75,2,0.5153182148933411,0.8496098518371582,0.0
75,3,0.5153173208236694,0.8496269583702087,0.0
75,4,0.5153180956840515,0.8496110439300537,0.0
75,5,0.5153174996376038,0.8496252298355103,0.0
76,0,0.5071642398834229,1.010528802871704,0.005790773779153824
76,1,0.5071642398834229,1.0105290412902832,0.0057908035814762115
76,2,0.5071642398834229,1.010528802871704,0.005790773779153824
76,3,0.5071642398834229,1.0105290412902832,0.005790784955024719
76,4,0.5071638822555542,1.0105359554290771,0.005791466683149338
76,5,0.5071640610694885,1.0105326175689697,0.00579104945063591
76,6,0.5071641206741333,1.0105314254760742,0.0057909004390239716
76,7,0.5071640014648438,1.010534405708313,0.005791064351797104
76,8,0.5071641206741333,1.0105324983596802,0.005790788680315018
76,9,0.5071642398834229,1.0105292797088623,0.00579080730676651
76,10,0.5071641206741333,1.010532021522522,0.005790945142507553
76,11,0.5071633458137512,1.0105416774749756,0.005791373550891876
76,12,0.5071631669998169,1.0105454921722412,0.005792099982500076
76,13,0.5071631073951721,1.0105459690093994,0.005792010575532913
76,14,0.5071642398834229,1.0105290412902832,0.0057908035814762115
76,15,0.5071638226509094,1.0105364322662354,0.005791734904050827
76,16,0.5071631669998169,1.0105469226837158,0.005792301148176193
76,17,0.5071640610694885,1.0105327367782593,0.005791064351797104
76,18,0.5071641802787781,1.0105302333831787,0.005790818482637405
76,19,0.5071642398834229,1.0105290412902832,0.005790825933218002
76,20,0.5071641802787781,1.0105299949645996,0.005790926516056061
76,21,0.5071634650230408,1.0105406045913696,0.005792137235403061
77,0,0.5015159845352173,0.8870700597763062,0.0
77,1,0.5015159845352173,0.8870701789855957,0.0
77,2,0.5015159845352173,0.8870713710784912,0.0
77,3,0.5015159845352173,0.8870713710784912,0.0
77,4,0.5015159845352173,0.8870702981948853,0.0
77,5,0.5015158653259277,0.887073278427124,0.0
78,0,0.5055100917816162,1.0055038928985596,0.0
78,1,0.5055099725723267,1.0055080652236938,0.0
78,2,0.5055100917816162,1.0055047273635864,0.0
78,3,0.5055100917816162,1.0055042505264282,0.0
78,4,0.5055099129676819,1.005509376525879,0.0
78,5,0.5055100917816162,1.0055040121078491,0.0
78,6,0.5055031776428223,1.0056543350219727,0.0
78,7,0.5055087208747864,1.0055439472198486,0.0
79,0,0.5107064247131348,0.8854954242706299,0.0
79,1,0.5107064247131348,0.8854968547821045,0.0
79,2,0.5107064247131348,0.885496199131012,0.0
79,3,0.5107064247131348,0.8855054974555969,0.0
79,4,0.51070636510849,0.8855663537979126,0.0
79,5,0.5107064843177795,0.885500967502594,0.0
80,0,0.5067615509033203,0.7569023966789246,0.0
80,1,0.5067610144615173,0.756927490234375,0.0
81,0,0.5111452341079712,0.955275297164917,0.0
81,1,0.5111451745033264,0.9552754163742065,0.0
81,2,0.5111451745033264,0.9552757143974304,0.0
81,3,0.5111452341079712,0.9552755355834961,0.0
81,4,0.5111452341079712,0.9552754759788513,0.0
81,5,0.5111451745033264,0.9552758932113647,0.0
81,6,0.5111452341079712,0.955275297164917,0.0
81,7,0.5111452341079712,0.955275297164917,0.0
81,8,0.5111452341079712,0.9552754163742065,0.0
81,9,0.5111451745033264,0.9552759528160095,0.0
81,10,0.5111451745033264,0.9552757740020752,0.0
82,0,0.5105522274971008,0.800208568572998,0.0
82,1,0.5105522274971008,0.8002097606658936,0.0
82,2,0.5105522274971008,0.8002097010612488,0.0
82,3,0.5105525255203247,0.8002387285232544,0.0
82,4,0.5105522274971008,0.8002098202705383,0.0
83,0,0.5091388821601868,0.8604521751403809,0.0
83,1,0.5091388821601868,0.860450267791748,0.0
83,2,0.5091388821601868,0.8604522943496704,0.0
83,3,0.5091388821601868,0.8604499101638794,0.0
83,4,0.5091388821601868,0.8604519367218018,0.0
83,5,0.5091388821601868,0.8604523539543152,0.0
83,6,0.5091388821601868,0.8604522347450256,0.0
84,0,0.5087282061576843,0.8363013863563538,0.0
84,1,0.5087282061576843,0.8363015651702881,0.0
84,2,0.5087280869483948,0.8363031148910522,0.0
84,3,0.5087280869483948,0.836303174495697,0.0
84,4,0.5087282061576843,0.8363014459609985,0.0
84,5,0.5087282061576843,0.8363014459609985,0.0
85,0,0.5130192637443542,0.8106808066368103,0.0
85,1,0.5130192637443542,0.8106813430786133,0.0
85,2,0.5130192637443542,0.8106818795204163,0.0
85,3,0.5130195617675781,0.8106876015663147,0.0
86,0,0.5110510587692261,0.7967058420181274,0.0
86,1,0.5110510587692261,0.796705961227417,0.0
87,0,0.509321391582489,0.989810585975647,0.0
87,1,0.509321391582489,0.9898116588592529,0.0
87,2,0.509321391582489,0.989810585975647,0.0
87,3,0.5093213319778442,0.9898124933242798,0.0
87,4,0.509321391582489,0.9898115396499634,0.0
87,5,0.509321391582489,0.9898115396499634,0.0
87,6,0.5093162655830383,0.989872932434082,0.0
87,7,0.5093201398849487,0.9898288249969482,0.0
87,8,0.509321391582489,0.9898113012313843,0.0
87,9,0.509321391582489,0.9898120760917664,0.0
87,10,0.509321391582489,0.9898108839988708,0.0
87,11,0.5093198418617249,0.9898464679718018,0.0
88,0,0.5098939538002014,0.9207123517990112,0.0
88,1,0.5098939538002014,0.9207176566123962,0.0
88,2,0.5098939538002014,0.9207134246826172,0.0
88,3,0.5098939538002014,0.9207123517990112,0.0
88,4,0.5098939538002014,0.9207134246826172,0.0
88,5,0.5098939538002014,0.9207125902175903,0.0
88,6,0.5098939538002014,0.9207156300544739,0.0
88,7,0.5098940134048462,0.9207189679145813,0.0
88,8,0.5098939538002014,0.9207264184951782,0.0
88,9,0.5098939538002014,0.920717716217041,0.0
88,10,0.5098940134048462,0.9207341074943542,0.0
88,11,0.5098939538002014,0.9207152724266052,0.0
89,0,0.5003759264945984,0.735680341720581,0.0
90,0,0.5108294486999512,0.7996431589126587,0.0
90,1,0.5108294486999512,0.7996438145637512,0.0
90,2,0.5108298659324646,0.7996508479118347,0.0
91,0,0.515281081199646,0.814723014831543,0.0
91,1,0.5152809023857117,0.8147268295288086,0.0
91,2,0.5152810215950012,0.8147262930870056,0.0
92,0,0.5114064812660217,0.772428035736084,0.0
92,1,0.5114064812660217,0.7724286317825317,0.0
92,2,0.5114064812660217,0.7724300622940063,0.0
93,0,0.5132429003715515,0.8759998083114624,0.0
93,1,0.5132428407669067,0.8760008811950684,0.0
93,2,0.5132429003715515,0.8759998083114624,0.0
93,3,0.5132429003715515,0.8760002255439758,0.0
93,4,0.5132145881652832,0.8764092922210693,0.0
93,5,0.5132424235343933,0.8760074377059937,0.0
94,0,0.500629723072052,0.8129096031188965,0.0
94,1,0.500629723072052,0.812909722328186,0.0
94,2,0.500629723072052,0.8129099607467651,0.0
94,3,0.500629723072052,0.8129099011421204,0.0
94,4,0.5006296634674072,0.8129130601882935,0.0
95,0,0.5073789358139038,1.008042573928833,0.0
95,1,0.5073789358139038,1.0080426931381226,0.0
95,2,0.5073789358139038,1.0080426931381226,0.0
95,3,0.5073789358139038,1.0080440044403076,0.0
95,4,0.5073789358139038,1.0080426931381226,0.0
95,5,0.5073789358139038,1.008043646812439,0.0
95,6,0.5073789358139038,1.0080440044403076,0.0
95,7,0.5073789358139038,1.008042573928833,0.0
95,8,0.5073789358139038,1.008042573928833,0.0
95,9,0.5073789358139038,1.008043885231018,0.0
95,10,0.5073789358139038,1.008042812347412,0.0
95,11,0.5073789358139038,1.0080441236495972,0.0
95,12,0.5073789358139038,1.008042573928833,0.0
95,13,0.5073789358139038,1.008043885231018,0.0
95,14,0.5073789358139038,1.0080446004867554,0.0
95,15,0.5073789358139038,1.0080432891845703,0.0
95,16,0.5073788166046143,1.008048415184021,0.0
95,17,0.5073784589767456,1.0080522298812866,0.0
95,18,0.5073789358139038,1.008043646812439,0.0
95,19,0.5073789358139038,1.0080437660217285,0.0
95,20,0.5073789358139038,1.0080455541610718,0.0
95,21,0.5073789358139038,1.008044958114624,0.0
95,22,0.5073788166046143,1.0080487728118896,0.0
95,23,0.5073789954185486,1.0080454349517822,0.0
95,24,0.5073789358139038,1.008042573928833,0.0
95,25,0.5073789358139038,1.0080443620681763,0.0
95,26,0.5073789358139038,1.0080457925796509,0.0
95,27,0.5073786973953247,1.0080616474151611,0.0
95,28,0.5073789358139038,1.008042573928833,0.0
96,0,0.5032935738563538,0.7488464117050171,0.0
97,0,0.5140446424484253,0.8451711535453796,0.0
97,1,0.5140446424484253,0.8451716899871826,0.0
98,0,0.5011775493621826,0.9628909230232239,0.008608277887105942
98,1,0.5011776685714722,0.962890625,0.008608292788267136
98,2,0.5011777281761169,0.9628905057907104,0.008608274161815643
98,3,0.5011776685714722,0.9628908634185791,0.00860828161239624
98,4,0.5011776685714722,0.9628913402557373,0.008608262985944748
98,5,0.5011777281761169,0.962890625,0.008608173578977585
98,6,0.5011777281761169,0.9628905057907104,0.008608188480138779
98,7,0.5011775493621826,0.9628913998603821,0.008608352392911911
98,8,0.5011775493621826,0.9628910422325134,0.008608300238847733
98,9,0.5011775493621826,0.9628914594650269,0.008608337491750717
98,10,0.5011777281761169,0.962893009185791,0.008608438074588776
98,11,0.5011777281761169,0.962893009185791,0.008608411997556686
98,12,0.5011776089668274,0.9628914594650269,0.008608322590589523
99,0,0.5102235078811646,0.9828463196754456,0.0
99,1,0.5102235674858093,0.9828466176986694,0.0
99,2,0.5102235078811646,0.9828463792800903,0.0
99,3,0.5102235674858093,0.9828463792800903,0.0
99,4,0.5102235674858093,0.9828470945358276,0.0
99,5,0.5102235674858093,0.9828466176986694,0.0
99,6,0.5102235078811646,0.9828493595123291,0.0
100,0,0.5120875835418701,0.8840069770812988,0.0
100,1,0.5120876431465149,0.8840076923370361,0.0
100,2,0.5120876431465149,0.8840072154998779,0.0
100,3,0.5120876431465149,0.8840076327323914,0.0
100,4,0.5120876431465149,0.8840069770812988,0.0
100,5,0.5120875835418701,0.8840070962905884,0.0
100,6,0.5120876431465149,0.8840078115463257,0.0
100,7,0.5120877623558044,0.8840100765228271,0.0
100,8,0.5120876431465149,0.884007453918457,0.0
100,9,0.5120876431465149,0.8840087652206421,0.0
100,10,0.5120877027511597,0.8840096592903137,0.0
100,11,0.5120876431465149,0.8840072154998779,0.0
100,12,0.5120876431465149,0.8840080499649048,0.0
100,13,0.5120877027511597,0.8840103149414062,0.0
100,14,0.5120876431465149,0.8840091228485107,0.0
100,15,0.5120876431465149,0.8840075731277466,0.0
100,16,0.5120876431465149,0.8840072154998779,0.0
101,0,0.5071176886558533,0.9910187721252441,0.0
101,1,0.5071173906326294,0.9910199642181396,0.0
101,2,0.5071173310279846,0.9910205602645874,0.0
101,3,0.507117509841919,0.9910215139389038,0.0
101,4,0.5071176886558533,0.991019070148468,0.0
101,5,0.507117509841919,0.991021454334259,0.0
101,6,0.507115364074707,0.9910553693771362,0.0
101,7,0.5071176886558533,0.9910200834274292,0.0
101,8,0.5071176886558533,0.9910205602645874,0.0
101,9,0.5071176886558533,0.991020679473877,0.0
101,10,0.5071142315864563,0.9910620450973511,0.0
101,11,0.507117509841919,0.9910215139389038,0.0
101,12,0.5071176886558533,0.9910209774971008,0.0
102,0,0.5064597725868225,0.9185370802879333,0.0
102,1,0.5064597725868225,0.9185372591018677,0.0
102,2,0.5064598321914673,0.918537974357605,0.0
102,3,0.5064598917961121,0.9185395240783691,0.0
102,4,0.5064598321914673,0.918537974357605,0.0
102,5,0.5064598917961121,0.9185408353805542,0.0
102,6,0.5064598321914673,0.9185380935668945,0.0
102,7,0.5064603686332703,0.9185514450073242,0.0
102,8,0.5064598321914673,0.9185389280319214,0.0
102,9,0.5064598917961121,0.9185395240783691,0.0
102,10,0.5064606070518494,0.9185502529144287,0.0
102,11,0.5064598917961121,0.9185397624969482,0.0
102,12,0.5064611434936523,0.9185737371444702,0.0
102,13,0.5064598917961121,0.9185395836830139,0.0
102,14,0.5064601898193359,0.9185456037521362,0.0
102,15,0.5064597725868225,0.9185371398925781,0.0
102,16,0.5064598321914673,0.9185387492179871,0.0
103,0,0.512919008731842,0.8488141298294067,0.0
103,1,0.512919008731842,0.8488144874572754,0.0
103,2,0.512919008731842,0.8488147258758545,0.0
103,3,0.512919008731842,0.8488142490386963,0.0
104,0,0.5174626111984253,0.7737922072410583,0.0
105,0,0.5066564083099365,1.062187910079956,0.0
105,1,0.5066564083099365,1.062187910079956,0.0
105,2,0.5066564083099365,1.062187910079956,0.0
105,3,0.5066564083099365,1.0621880292892456,0.0
105,4,0.5066564083099365,1.0621886253356934,0.0
105,5,0.5066564083099365,1.0621886253356934,0.0
105,6,0.5066564083099365,1.0621910095214844,0.0
105,7,0.5066564083099365,1.0621892213821411,0.0
105,8,0.5066564083099365,1.0621882677078247,0.0
105,9,0.5066564083099365,1.0621942281723022,0.0
105,10,0.5066564083099365,1.062187910079956,0.0
105,11,0.5066564083099365,1.0621968507766724,0.0
105,12,0.5066564083099365,1.062199354171753,0.0
105,13,0.5066563487052917,1.0622020959854126,0.0
105,14,0.5066564083099365,1.062188982963562,0.0
105,15,0.5066564083099365,1.0621880292892456,0.0
106,0,0.5041096210479736,0.8307870030403137,0.0
106,1,0.5041096210479736,0.830788254737854,0.0
106,2,0.5041105151176453,0.8308274149894714,0.0
106,3,0.5041110515594482,0.8308371305465698,0.0
107,0,0.5138867497444153,0.885753870010376,0.0
107,1,0.5138867497444153,0.885753870010376,0.0
107,2,0.5138867497444153,0.8857544660568237,0.0
107,3,0.5138867497444153,0.885755181312561,0.0
107,4,0.5138867497444153,0.8857545852661133,0.0
107,5,0.5138867497444153,0.8857552409172058,0.0
107,6,0.5138867497444153,0.8857551217079163,0.0
107,7,0.5138866305351257,0.885761022567749,0.0
107,8,0.5138867497444153,0.8857547044754028,0.0
107,9,0.5138867497444153,0.885753870010376,0.0
108,0,0.5070408582687378,0.7251302003860474,0.0
109,0,0.5065478086471558,0.9177632331848145,0.0
109,1,0.5065478682518005,0.9177663326263428,0.0
109,2,0.5065481662750244,0.9177718162536621,0.0
109,3,0.5065481066703796,0.9177699089050293,0.0
109,4,0.5065482258796692,0.917771577835083,0.0
110,0,0.5134170651435852,0.7383074164390564,0.0
110,1,0.5134164094924927,0.738318920135498,0.0
111,0,0.5009663701057434,0.813094973564148,0.0
111,1,0.5009664297103882,0.813098669052124,0.0
111,2,0.500966489315033,0.813098669052124,0.0
112,0,0.5095540881156921,0.9895023107528687,0.0
112,1,0.5095540881156921,0.9895023107528687,0.0
112,2,0.5095540881156921,0.9895023107528687,0.0
112,3,0.5095540881156921,0.9895024299621582,0.0
112,4,0.5095541477203369,0.9895029664039612,0.0
112,5,0.5095541477203369,0.9895025491714478,0.0
112,6,0.5095542073249817,0.989505410194397,0.0
112,7,0.5095541477203369,0.9895035028457642,0.0
112,8,0.5095542669296265,0.9895061254501343,0.0
112,9,0.5095541477203369,0.9895045757293701,0.0
112,10,0.5095542669296265,0.9895063638687134,0.0
112,11,0.5095542073249817,0.989504873752594,0.0
112,12,0.5095552802085876,0.9895329475402832,0.0
112,13,0.509555459022522,0.9895398616790771,0.0
113,0,0.5206769108772278,0.8481788635253906,0.0
113,1,0.5206769108772278,0.8481795787811279,0.0
113,2,0.5206770300865173,0.8481804132461548,0.0
113,3,0.5206769108772278,0.8481792211532593,0.0
113,4,0.5206769108772278,0.8481801748275757,0.0
114,0,0.5074763894081116,0.9542973041534424,0.0
114,1,0.5074763894081116,0.9543012380599976,0.0
114,2,0.5074763894081116,0.9542986154556274,0.0
114,3,0.5074763894081116,0.9542975425720215,0.0
114,4,0.5074774622917175,0.9543356895446777,0.0
114,5,0.5074764490127563,0.9543001055717468,0.0
114,6,0.5074785351753235,0.9544987678527832,0.0
114,7,0.5074764490127563,0.9542996883392334,0.0
114,8,0.5074767470359802,0.9543063044548035,0.0
114,9,0.5074798464775085,0.9544130563735962,0.0
114,10,0.507477879524231,0.9543591737747192,0.0
115,0,0.5103615522384644,0.7847695350646973,0.0
115,1,0.5103614926338196,0.7847698330879211,0.0
116,0,0.5044452548027039,0.8203256130218506,0.0
116,1,0.5044452548027039,0.8203256130218506,0.0
116,2,0.5044451355934143,0.8203284740447998,0.0
117,0,0.5139740109443665,0.9795430898666382,0.0
117,1,0.5139740109443665,0.9795432686805725,0.0
117,2,0.5139740109443665,0.9795430898666382,0.0
117,3,0.5139740705490112,0.9795467257499695,0.0
117,4,0.5139740109443665,0.9795432090759277,0.0
117,5,0.5139740705490112,0.9795466065406799,0.0
117,6,0.5139740109443665,0.9795432090759277,0.0
117,7,0.513974130153656,0.979548454284668,0.0
117,8,0.5139740109443665,0.9795430898666382,0.0
117,9,0.5139740109443665,0.9795432090759277,0.0
117,10,0.5139740109443665,0.9795430898666382,0.0
117,11,0.5139740705490112,0.9795453548431396,0.0
117,12,0.5139740109443665,0.9795435667037964,0.0
117,13,0.5139740109443665,0.9795448780059814,0.0
117,14,0.5139740109443665,0.9795430898666382,0.0
117,15,0.5139740705490112,0.9795452952384949,0.0
117,16,0.5139740705490112,0.9795464277267456,0.0
117,17,0.5139740705490112,0.9795461893081665,0.0
117,18,0.5139740109443665,0.9795432090759277,0.0
117,19,0.5139740705490112,0.9795465469360352,0.0
117,20,0.513974130153656,0.9795472621917725,0.0
118,0,0.5103783011436462,0.8927416801452637,0.0
118,1,0.5103783011436462,0.8927419781684875,0.0
118,2,0.5103783011436462,0.8927417993545532,0.0
118,3,0.5103783011436462,0.8927422761917114,0.0
118,4,0.5103783011436462,0.8927432894706726,0.0
118,5,0.5103783011436462,0.8927431702613831,0.0
118,6,0.5103783011436462,0.8927420377731323,0.0
118,7,0.5103783011436462,0.8927417397499084,0.0
118,8,0.5103783011436462,0.8927419781684875,0.0
118,9,0.5103783011436462,0.8927422761917114,0.0
118,10,0.510378360748291,0.8927477598190308,0.0
118,11,0.510378360748291,0.8927472233772278,0.0
118,12,0.510378360748291,0.8927436470985413,0.0
118,13,0.5103783011436462,0.892742931842804,0.0
118,14,0.510378360748291,0.8927452564239502,0.0
118,15,0.5103784203529358,0.8927474617958069,0.0
118,16,0.510378360748291,0.8927440643310547,0.0
118,17,0.5103783011436462,0.8927419185638428,0.0
118,18,0.5103783011436462,0.8927417993545532,0.0
118,19,0.5103783011436462,0.8927430510520935,0.0
119,0,0.5052233934402466,0.8868710398674011,0.0
119,1,0.5052235126495361,0.8868740797042847,0.0
119,2,0.5052235126495361,0.8868739604949951,0.0
119,3,0.5052235722541809,0.8868763446807861,0.0
119,4,0.5052233934402466,0.8868736624717712,0.0
120,0,0.5079628825187683,0.9937769174575806,0.011617753654718399
120,1,0.5079628825187683,0.9937787055969238,0.01161806657910347
120,2,0.5079628825187683,0.9937770366668701,0.011617790907621384
120,3,0.5079628825187683,0.9937769174575806,0.011617772281169891
120,4,0.5079631805419922,0.993789792060852,0.01162024587392807
120,5,0.5079630017280579,0.9937827587127686,0.011618699878454208
120,6,0.5079628825187683,0.9937789440155029,0.011618077754974365
120,7,0.5079628825187683,0.993778645992279,0.011618081480264664
120,8,0.5079623460769653,0.9938291311264038,0.011625822633504868
120,9,0.5079628825187683,0.9937769174575806,0.011617783457040787
120,10,0.5079628825187683,0.9937769174575806,0.011617768555879593
120,11,0.5079628825187683,0.9937770366668701,0.011617790907621384
120,12,0.5079629421234131,0.9937813878059387,0.011618416756391525
120,13,0.5079628229141235,0.9937782287597656,0.011617988348007202
121,0,0.5146497488021851,0.8259612917900085,0.0
121,1,0.5146497488021851,0.8259613513946533,0.0
121,2,0.5146497488021851,0.8259616494178772,0.0
121,3,0.5146497488021851,0.8259614109992981,0.0
121,4,0.5146497488021851,0.8259614109992981,0.0
121,5,0.5146497488021851,0.825961709022522,0.0
121,6,0.5146496891975403,0.8259626626968384,0.0
121,7,0.5146497488021851,0.8259616494178772,0.0
121,8,0.5146496891975403,0.8259623050689697,0.0
121,9,0.5146498084068298,0.8259596228599548,0.0
121,10,0.5146498084068298,0.8259616494178772,0.0
122,0,0.5062434077262878,0.9204467535018921,0.0011470392346382141
122,1,0.5062433481216431,0.9204456806182861,0.0011472217738628387
122,2,0.5062433481216431,0.9204464554786682,0.001147095113992691
122,3,0.5062433481216431,0.9204469323158264,0.0011471174657344818
122,4,0.5062434077262878,0.9204467535018921,0.001147046685218811
122,5,0.5062434077262878,0.9204468131065369,0.0011470429599285126
122,6,0.5062431693077087,0.9204464554786682,0.0011464618146419525
123,0,0.508560836315155,0.9210267066955566,0.0
123,1,0.5085606575012207,0.921014130115509,0.0
123,2,0.5085607171058655,0.9210370779037476,0.0
123,3,0.508560836315155,0.9210274815559387,0.0
123,4,0.5085607171058655,0.9210330247879028,0.0
123,5,0.5085606575012207,0.9210344552993774,0.0
123,6,0.5085607171058655,0.9210318922996521,0.0
123,7,0.5085601210594177,0.9210396409034729,0.0
123,8,0.5085605382919312,0.9210383892059326,0.0
124,0,0.5048211812973022,0.7466675639152527,0.0
125,0,0.5054872632026672,0.9660389423370361,0.0
125,1,0.5054872035980225,0.9660402536392212,0.0
125,2,0.5054864883422852,0.9661285281181335,0.0
125,3,0.5054872632026672,0.9660398364067078,0.0
125,4,0.5054858326911926,0.9661045670509338,0.0
125,5,0.5054860711097717,0.9661662578582764,0.0
125,6,0.5054872632026672,0.9660389423370361,0.0
125,7,0.5054875016212463,0.9660540819168091,0.0
125,8,0.5054861307144165,0.9663119316101074,0.0
125,9,0.5054872035980225,0.9660402536392212,0.0
125,10,0.5054726004600525,0.9666661620140076,0.0
125,11,0.5054872035980225,0.9660401344299316,0.0
126,0,0.5116809010505676,0.8453317880630493,0.0
126,1,0.5116809010505676,0.8453319072723389,0.0
126,2,0.5116809010505676,0.8453317880630493,0.0
126,3,0.5116809010505676,0.8453319668769836,0.0
126,4,0.5116808414459229,0.8453323841094971,0.0
126,5,0.5116808414459229,0.8453330993652344,0.0
126,6,0.5116809010505676,0.8453319668769836,0.0
126,7,0.5116809010505676,0.845341682434082,0.0
127,0,0.5030871033668518,0.9538813233375549,0.0
127,1,0.5030871033668518,0.9538828134536743,0.0
127,2,0.5030871629714966,0.9538813829421997,0.0
127,3,0.5030871033668518,0.9538834095001221,0.0
127,4,0.5030869841575623,0.9538863897323608,0.0
127,5,0.5030871033668518,0.9538819193840027,0.0
127,6,0.5030869841575623,0.9538896679878235,0.0
127,7,0.5030871033668518,0.9538821578025818,0.0
127,8,0.5030871033668518,0.9538828134536743,0.0
127,9,0.5030871033668518,0.9538816809654236,0.0
127,10,0.5030871033668518,0.9538816213607788,0.0
127,11,0.5030871033668518,0.9538821578025818,0.0
127,12,0.5030871033668518,0.9538817405700684,0.0
127,13,0.5030869841575623,0.9539026021957397,0.0
127,14,0.5030869841575623,0.9538876414299011,0.0
128,0,0.5060292482376099,0.7971309423446655,0.0
128,1,0.5060292482376099,0.7971316576004028,0.0
128,2,0.5060293078422546,0.7971663475036621,0.0
129,0,0.5047671794891357,0.9266175031661987,0.0
129,1,0.5047689080238342,0.9266513586044312,0.0
129,2,0.5047673583030701,0.9266318082809448,0.0
129,3,0.5047722458839417,0.9268439412117004,0.0
129,4,0.5047825574874878,0.9272223114967346,0.0
129,5,0.5047673583030701,0.926629364490509,0.0
130,0,0.5110886096954346,0.9051135778427124,0.0
130,1,0.5110886096954346,0.9051135778427124,0.0
130,2,0.5110885500907898,0.9051151275634766,0.0
130,3,0.5110886096954346,0.905113935470581,0.0
130,4,0.5110887289047241,0.9051245450973511,0.0
130,5,0.5110885500907898,0.9051148295402527,0.0
130,6,0.5110886096954346,0.9051207304000854,0.0
130,7,0.5110885500907898,0.9051162600517273,0.0
130,8,0.5110885500907898,0.9051164984703064,0.0
130,9,0.5110886096954346,0.9051209688186646,0.0
130,10,0.5110887289047241,0.9051226377487183,0.0
130,11,0.5110886096954346,0.9051140546798706,0.0
130,12,0.5110890865325928,0.9051491618156433,0.0
130,13,0.5110886096954346,0.905119776725769,0.0
130,14,0.5110886096954346,0.905113935470581,0.0
130,15,0.5110886096954346,0.9051140546798706,0.0
130,16,0.5110886096954346,0.9051136374473572,0.0
130,17,0.5110892057418823,0.9051293134689331,0.0
130,18,0.5110891461372375,0.9051279425621033,0.0
130,19,0.5110892653465271,0.9051430225372314,0.0
130,20,0.5110886096954346,0.9051138758659363,0.0
130,21,0.5110885500907898,0.905116081237793,0.0
131,0,0.5030975937843323,0.866050660610199,0.0
131,1,0.5030975937843323,0.8660507202148438,0.0
131,2,0.5030978322029114,0.8660522699356079,0.0
131,3,0.5030975937843323,0.8660507202148438,0.0
131,4,0.5030978322029114,0.8660522699356079,0.0
131,5,0.50309818983078,0.8660537600517273,0.0
131,6,0.5030981302261353,0.8660534024238586,0.0
131,7,0.5030985474586487,0.8660520911216736,0.0
132,0,0.5023289918899536,0.96153724193573,0.0
132,1,0.5023289918899536,0.9615373015403748,0.0
132,2,0.5023289918899536,0.9615375995635986,0.0
132,3,0.5023291110992432,0.9615408182144165,0.0
132,4,0.5023290514945984,0.9615392684936523,0.0
132,5,0.5023292899131775,0.9615458250045776,0.0
132,6,0.5023289918899536,0.9615374207496643,0.0
132,7,0.5023290514945984,0.9615402221679688,0.0
132,8,0.5023289918899536,0.9615379571914673,0.0
132,9,0.5023290514945984,0.9615387916564941,0.0
132,10,0.5023325085639954,0.9615201950073242,0.0
132,11,0.5023290514945984,0.9615393877029419,0.0
132,12,0.5023291110992432,0.9615448713302612,0.0
133,0,0.5078746676445007,0.9230351448059082,0.0
133,1,0.5078746676445007,0.9230353832244873,0.0
133,2,0.5078746676445007,0.9230351448059082,0.0
133,3,0.5078746676445007,0.9230351448059082,0.0
133,4,0.5078746676445007,0.923035204410553,0.0
133,5,0.5078746676445007,0.9230352640151978,0.0
133,6,0.5078746676445007,0.9230362176895142,0.0
133,7,0.5078746676445007,0.9230360984802246,0.0
133,8,0.5078746676445007,0.9230378270149231,0.0
133,9,0.5078746676445007,0.9230352640151978,0.0
133,10,0.5078746676445007,0.9230359196662903,0.0
133,11,0.5078746676445007,0.923035204410553,0.0
133,12,0.5078746676445007,0.9230363965034485,0.0
133,13,0.5078746676445007,0.9230359196662903,0.0
134,0,0.508385419845581,0.8206239342689514,0.013168372213840485
134,1,0.5083855390548706,0.8206266164779663,0.013168703764677048
134,2,0.5083853006362915,0.8206268548965454,0.013168495148420334
135,0,0.507788360118866,0.8092496991157532,0.0
135,1,0.507788360118866,0.8092496991157532,0.0
135,2,0.507788360118866,0.8092519640922546,0.0
136,0,0.5081902742385864,0.8498850464820862,0.0
136,1,0.5081902146339417,0.8498861789703369,0.0
136,2,0.5081900954246521,0.8498899340629578,0.0
136,3,0.5081902146339417,0.8498917818069458,0.0
137,0,0.5056421160697937,0.86957186460495,0.0
137,1,0.5056421160697937,0.8695719838142395,0.0
137,2,0.5056421160697937,0.8695724010467529,0.0
137,3,0.5056421160697937,0.8695724010467529,0.0
138,0,0.5105534195899963,0.813984215259552,0.0
138,1,0.5105533599853516,0.8139898180961609,0.0
139,0,0.5009754300117493,0.94355708360672,0.0
139,1,0.500975489616394,0.9435579180717468,0.0
139,2,0.5009754300117493,0.9435573220252991,0.0
139,3,0.500975489616394,0.9435586929321289,0.0
139,4,0.5009754300117493,0.9435577988624573,0.0
139,5,0.5009755492210388,0.9435616731643677,0.0
139,6,0.5009754300117493,0.9435573816299438,0.0
139,7,0.5009755492210388,0.9435619115829468,0.0
140,0,0.5098451972007751,1.0043085813522339,0.0
140,1,0.5098451972007751,1.004308819770813,0.0
140,2,0.5098452568054199,1.0043100118637085,0.0
140,3,0.5098451972007751,1.004308819770813,0.0
140,4,0.5098451972007751,1.0043089389801025,0.0
140,5,0.5098451972007751,1.0043087005615234,0.0
140,6,0.5098451972007751,1.004308819770813,0.0
140,7,0.5098451972007751,1.0043087005615234,0.0
140,8,0.5098451972007751,1.004308819770813,0.0
140,9,0.5098451972007751,1.0043087005615234,0.0
140,10,0.5098452568054199,1.0043106079101562,0.0
140,11,0.5098454356193542,1.0043145418167114,0.0
140,12,0.5098451972007751,1.004308819770813,0.0
140,13,0.5098451972007751,1.004308819770813,0.0
140,14,0.5098451972007751,1.004308819770813,0.0
140,15,0.5098451972007751,1.004308819770813,0.0
140,16,0.5098463892936707,1.0043329000473022,0.0
140,17,0.5098452568054199,1.0043094158172607,0.0
140,18,0.5098461508750916,1.0043293237686157,0.0
140,19,0.5098453164100647,1.0043119192123413,0.0
140,20,0.5098452568054199,1.0043100118637085,0.0
140,21,0.5098453164100647,1.0043123960494995,0.0
140,22,0.5098456144332886,1.0043182373046875,0.0
140,23,0.5098451972007751,1.0043087005615234,0.0
140,24,0.5098451972007751,1.0043087005615234,0.0
140,25,0.5098451972007751,1.0043087005615234,0.0
140,26,0.5098451972007751,1.0043087005615234,0.0
140,27,0.5098453164100647,1.0043116807937622,0.0
140,28,0.5098451972007751,1.004308819770813,0.0
140,29,0.5098459124565125,1.0043253898620605,0.0
140,30,0.5098452568054199,1.004309892654419,0.0
140,31,0.5098451972007751,1.004308819770813,0.0
140,32,0.5098453164100647,1.004311203956604,0.0
140,33,0.5098455548286438,1.0043162107467651,0.0
140,34,0.5098451972007751,1.0043085813522339,0.0
140,35,0.5098453760147095,1.004313349723816,0.0
141,0,0.5060545802116394,0.827479898929596,0.0
141,1,0.5060549378395081,0.8274878859519958,0.0
141,2,0.5060557723045349,0.8275008201599121,0.0
142,0,0.5003786683082581,0.8243237137794495,0.0
142,1,0.5003786683082581,0.8243237733840942,0.0
142,2,0.5003786683082581,0.8243237733840942,0.0
143,0,0.5093892812728882,0.9081801772117615,0.0
143,1,0.5093892812728882,0.9081807732582092,0.0
143,2,0.5093892812728882,0.908180296421051,0.0
143,3,0.509389340877533,0.9081867337226868,0.0
143,4,0.509389340877533,0.9081839323043823,0.0
143,5,0.5093891620635986,0.9081979393959045,0.0
143,6,0.509389340877533,0.9081918001174927,0.0
144,0,0.5011181235313416,0.7567504644393921,0.0
144,1,0.5011181235313416,0.756750762462616,0.0
145,0,0.5027878284454346,0.8333316445350647,0.0
145,1,0.5027878284454346,0.833331823348999,0.0
145,2,0.5027881264686584,0.8333399295806885,0.0
